Gmt time,Open,High,Low,Close,Volume
14.11.2016 00:00:00.000,2163.839,2163.839,2163.839,2163.839,0
14.11.2016 00:15:00.000,2163.839,2163.839,2163.839,2163.839,0
14.11.2016 00:30:00.000,2163.839,2163.839,2163.839,2163.839,0
14.11.2016 00:45:00.000,2163.839,2163.839,2163.839,2163.839,0
14.11.2016 01:00:00.000,2163.839,2163.839,2163.839,2163.839,0
14.11.2016 01:15:00.000,2163.839,2163.839,2163.839,2163.839,0
14.11.2016 01:30:00.000,2163.839,2163.839,2163.839,2163.839,0
14.11.2016 01:45:00.000,2163.839,2163.839,2163.839,2163.839,0
14.11.2016 02:00:00.000,2163.839,2163.839,2163.839,2163.839,0
14.11.2016 02:15:00.000,2163.839,2163.839,2163.839,2163.839,0
14.11.2016 02:30:00.000,2163.839,2163.839,2163.839,2163.839,0
14.11.2016 02:45:00.000,2163.839,2163.839,2163.839,2163.839,0
14.11.2016 03:00:00.000,2163.839,2163.839,2163.839,2163.839,0
14.11.2016 03:15:00.000,2163.839,2163.839,2163.839,2163.839,0
14.11.2016 03:30:00.000,2163.839,2163.839,2163.839,2163.839,0
14.11.2016 03:45:00.000,2163.839,2163.839,2163.839,2163.839,0
14.11.2016 04:00:00.000,2163.839,2163.839,2163.839,2163.839,0
14.11.2016 04:15:00.000,2163.839,2163.839,2163.839,2163.839,0
14.11.2016 04:30:00.000,2163.839,2163.839,2163.839,2163.839,0
14.11.2016 04:45:00.000,2163.839,2163.839,2163.839,2163.839,0
14.11.2016 05:00:00.000,2163.839,2163.839,2163.839,2163.839,0
14.11.2016 05:15:00.000,2163.839,2163.839,2163.839,2163.839,0
14.11.2016 05:30:00.000,2163.839,2163.839,2163.839,2163.839,0
14.11.2016 05:45:00.000,2163.839,2163.839,2163.839,2163.839,0
14.11.2016 06:00:00.000,2163.839,2163.839,2163.839,2163.839,0
14.11.2016 06:15:00.000,2163.839,2163.839,2163.839,2163.839,0
14.11.2016 06:30:00.000,2163.839,2163.839,2163.839,2163.839,0
14.11.2016 06:45:00.000,2163.839,2163.839,2163.839,2163.839,0
14.11.2016 07:00:00.000,2176.049,2176.050,2174.763,2175.470,181660.0003
14.11.2016 07:15:00.000,2175.470,2176.050,2175.049,2175.799,138580.0008
14.11.2016 07:30:00.000,2175.670,2176.300,2174.969,2175.969,181219.9999
14.11.2016 07:45:00.000,2175.969,2176.550,2174.299,2174.419,191979.9988
14.11.2016 08:00:00.000,2174.300,2176.370,2173.420,2175.799,386040.0001999999
14.11.2016 08:15:00.000,2176.050,2177.420,2175.669,2177.300,333789.9987
14.11.2016 08:30:00.000,2177.169,2177.839,2173.799,2174.050,303460.00190000003
14.11.2016 08:45:00.000,2174.050,2174.800,2172.300,2172.799,281679.9999
14.11.2016 09:00:00.000,2172.799,2175.300,2172.549,2175.049,275600.0001999999
14.11.2016 09:15:00.000,2175.049,2175.850,2174.549,2175.289,238420.00209999998
14.11.2016 09:30:00.000,2175.469,2175.599,2173.039,2173.539,303340.002
14.11.2016 09:45:00.000,2173.539,2174.119,2172.598,2173.419,273800.0006
14.11.2016 10:00:00.000,2173.419,2174.049,2171.699,2173.299,279199.9996
14.11.2016 10:15:00.000,2173.299,2173.369,2172.299,2172.470,287819.9974
14.11.2016 10:30:00.000,2172.549,2173.050,2171.799,2172.970,301278.0007
14.11.2016 10:45:00.000,2172.920,2172.920,2170.299,2170.300,367879.99890000006
14.11.2016 11:00:00.000,2170.300,2171.050,2165.799,2165.799,439339.99919999996
14.11.2016 11:15:00.000,2165.799,2165.800,2162.800,2163.299,458700.0032
14.11.2016 11:30:00.000,2163.299,2165.330,2161.549,2163.550,392180.0015
14.11.2016 11:45:00.000,2163.369,2164.800,2161.987,2164.549,414340.0007
14.11.2016 12:00:00.000,2164.549,2166.299,2163.732,2166.050,382179.9961
14.11.2016 12:15:00.000,2166.050,2167.050,2166.049,2166.550,283660.0021
14.11.2016 12:30:00.000,2166.550,2168.360,2165.550,2167.299,362959.99769999995
14.11.2016 12:45:00.000,2167.549,2167.549,2164.795,2166.300,275720.0011
14.11.2016 13:00:00.000,2166.050,2166.359,2164.549,2165.550,361019.99700000003
14.11.2016 13:15:00.000,2165.550,2166.329,2164.220,2166.220,334740.0015
14.11.2016 13:30:00.000,2166.220,2168.550,2165.799,2168.299,356740.0007
14.11.2016 13:45:00.000,2168.299,2172.540,2167.799,2170.789,392020.0002
14.11.2016 14:00:00.000,2170.682,2170.790,2168.380,2169.539,458240.00430000003
14.11.2016 14:15:00.000,2169.539,2170.290,2168.289,2168.790,397859.99989999994
14.11.2016 14:30:00.000,2168.790,2170.790,2164.289,2166.074,1045540.0049000002
14.11.2016 14:45:00.000,2166.074,2168.580,2163.419,2164.540,824239.9992000001
14.11.2016 15:00:00.000,2164.469,2169.300,2163.799,2169.299,712049.9983
14.11.2016 15:15:00.000,2169.299,2171.359,2163.801,2166.050,1010379.9926
14.11.2016 15:30:00.000,2166.050,2167.050,2162.799,2163.300,738200.0052
14.11.2016 15:45:00.000,2163.549,2164.549,2160.170,2160.549,670269.9959000001
14.11.2016 16:00:00.000,2160.549,2161.540,2157.800,2161.540,480500.99610000005
14.11.2016 16:15:00.000,2161.299,2163.550,2160.290,2160.540,109947.00110000001
14.11.2016 16:30:00.000,2160.540,2163.040,2159.544,2161.789,156019.99860000002
14.11.2016 16:45:00.000,2161.789,2164.289,2160.245,2161.539,153248.9998
14.11.2016 17:00:00.000,2161.569,2162.289,2158.042,2158.799,104617.00099999999
14.11.2016 17:15:00.000,2158.799,2159.120,2156.549,2157.799,100694.9998
14.11.2016 17:30:00.000,2157.799,2159.619,2155.752,2157.799,104355.00100000002
14.11.2016 17:45:00.000,2157.799,2160.290,2157.539,2159.720,220251.0028
14.11.2016 18:00:00.000,2159.720,2162.040,2158.174,2161.970,194906.99899999998
14.11.2016 18:15:00.000,2161.970,2163.290,2160.752,2162.220,157784.9991
14.11.2016 18:30:00.000,2162.220,2165.800,2162.220,2163.169,178268.00140000007
14.11.2016 18:45:00.000,2163.169,2163.550,2160.800,2162.040,210329.00250000003
14.11.2016 19:00:00.000,2162.040,2163.289,2160.770,2162.720,176674.99879999997
14.11.2016 19:15:00.000,2162.720,2164.050,2161.049,2162.050,141630.9986
14.11.2016 19:30:00.000,2162.050,2162.800,2159.653,2160.470,153127.9997
14.11.2016 19:45:00.000,2160.470,2166.549,2160.219,2166.469,174294.00069999998
14.11.2016 20:00:00.000,2166.469,2167.050,2164.774,2166.050,177028.0019
14.11.2016 20:15:00.000,2166.300,2167.300,2165.261,2166.040,116023.99940000002
14.11.2016 20:30:00.000,2166.040,2167.300,2162.049,2162.720,133365.9994
14.11.2016 20:45:00.000,2162.669,2164.800,2161.253,2164.299,208782.00209999998
14.11.2016 21:00:00.000,2164.300,2164.300,2163.939,2163.939,1477
14.11.2016 21:15:00.000,2163.939,2163.939,2163.939,2163.939,0
14.11.2016 21:30:00.000,2163.939,2163.939,2163.939,2163.939,0
14.11.2016 21:45:00.000,2163.939,2163.939,2163.939,2163.939,0
14.11.2016 22:00:00.000,2163.939,2163.939,2163.939,2163.939,0
14.11.2016 22:15:00.000,2163.939,2163.939,2163.939,2163.939,0
14.11.2016 22:30:00.000,2163.939,2163.939,2163.939,2163.939,0
14.11.2016 22:45:00.000,2163.939,2163.939,2163.939,2163.939,0
14.11.2016 23:00:00.000,2163.939,2163.939,2163.939,2163.939,0
14.11.2016 23:15:00.000,2163.939,2163.939,2163.939,2163.939,0
14.11.2016 23:30:00.000,2163.939,2163.939,2163.939,2163.939,0
14.11.2016 23:45:00.000,2163.939,2163.939,2163.939,2163.939,0
15.11.2016 00:00:00.000,2164.250,2164.570,2163.500,2164.070,0
15.11.2016 00:15:00.000,2164.000,2164.070,2162.320,2162.450,0
15.11.2016 00:30:00.000,2162.570,2164.700,2162.500,2164.320,0
15.11.2016 00:45:00.000,2164.500,2165.570,2164.000,2165.200,0
15.11.2016 01:00:00.000,2165.070,2165.200,2163.500,2164.570,0
15.11.2016 01:15:00.000,2164.750,2165.320,2164.070,2165.070,0
15.11.2016 01:30:00.000,2165.320,2166.570,2164.820,2165.820,0
15.11.2016 01:45:00.000,2165.750,2166.070,2165.320,2165.820,0
15.11.2016 02:00:00.000,2165.570,2166.070,2164.820,2165.320,0
15.11.2016 02:15:00.000,2165.070,2165.200,2164.250,2164.320,0
15.11.2016 02:30:00.000,2164.000,2165.500,2163.500,2165.500,0
15.11.2016 02:45:00.000,2165.570,2166.570,2165.000,2166.500,0
15.11.2016 03:00:00.000,2166.570,2166.570,2165.500,2166.570,0
15.11.2016 03:15:00.000,2166.500,2168.320,2166.320,2167.320,0
15.11.2016 03:30:00.000,2167.570,2167.820,2167.070,2167.250,0
15.11.2016 03:45:00.000,2167.320,2168.070,2167.250,2167.820,0
15.11.2016 04:00:00.000,2168.000,2168.070,2167.500,2167.750,0
15.11.2016 04:15:00.000,2167.820,2167.820,2167.250,2167.500,0
15.11.2016 04:30:00.000,2167.570,2168.070,2167.070,2168.070,0
15.11.2016 04:45:00.000,2168.000,2168.570,2167.750,2168.200,0
15.11.2016 05:00:00.000,2168.250,2168.820,2168.070,2168.320,0
15.11.2016 05:15:00.000,2168.000,2169.070,2167.320,2168.570,0
15.11.2016 05:30:00.000,2168.450,2169.070,2168.250,2168.500,0
15.11.2016 05:45:00.000,2168.500,2168.820,2167.750,2168.820,0
15.11.2016 06:00:00.000,2168.820,2168.820,2167.070,2167.820,0
15.11.2016 06:15:00.000,2167.950,2167.950,2167.070,2167.700,0
15.11.2016 06:30:00.000,2167.570,2167.820,2167.070,2167.570,0
15.11.2016 06:45:00.000,2167.500,2167.570,2166.500,2166.950,0
15.11.2016 07:00:00.000,2166.820,2167.700,2166.320,2167.320,0
15.11.2016 07:15:00.000,2167.500,2168.450,2167.070,2167.700,0
15.11.2016 07:30:00.000,2167.570,2168.750,2167.500,2168.570,0
15.11.2016 07:45:00.000,2168.500,2169.070,2168.250,2168.570,0
15.11.2016 08:00:00.000,2168.750,2170.950,2168.320,2170.750,0
15.11.2016 08:15:00.000,2170.820,2171.570,2170.320,2171.070,0
15.11.2016 08:30:00.000,2171.250,2171.320,2168.320,2170.570,0
15.11.2016 08:45:00.000,2170.500,2171.950,2170.070,2170.450,0
15.11.2016 09:00:00.000,2170.320,2172.570,2170.320,2170.570,0
15.11.2016 09:15:00.000,2170.450,2171.070,2169.570,2170.570,0
15.11.2016 09:30:00.000,2170.820,2171.200,2169.320,2169.450,0
15.11.2016 09:45:00.000,2169.320,2170.070,2167.320,2168.570,0
15.11.2016 10:00:00.000,2168.700,2168.820,2167.570,2168.000,0
15.11.2016 10:15:00.000,2168.070,2169.070,2168.000,2168.320,0
15.11.2016 10:30:00.000,2168.200,2168.450,2167.820,2168.250,0
15.11.2016 10:45:00.000,2168.320,2168.570,2167.320,2167.570,0
15.11.2016 11:00:00.000,2167.320,2167.950,2167.320,2167.750,0
15.11.2016 11:15:00.000,2167.830,2167.950,2165.320,2166.250,0
15.11.2016 11:30:00.000,2166.320,2167.070,2166.070,2166.820,0
15.11.2016 11:45:00.000,2166.950,2167.450,2166.820,2166.830,0
15.11.2016 12:00:00.000,2167.080,2167.330,2165.830,2167.070,0
15.11.2016 12:15:00.000,2167.330,2167.330,2166.080,2166.080,0
15.11.2016 12:30:00.000,2166.080,2166.330,2165.080,2165.580,0
15.11.2016 12:45:00.000,2165.330,2165.830,2164.580,2165.830,0
15.11.2016 13:00:00.000,2165.580,2167.830,2165.580,2167.080,0
15.11.2016 13:15:00.000,2167.080,2168.830,2166.330,2168.700,0
15.11.2016 13:30:00.000,2168.580,2170.330,2167.580,2167.830,0
15.11.2016 13:45:00.000,2167.700,2169.080,2167.580,2168.330,0
15.11.2016 14:00:00.000,2168.080,2168.580,2166.820,2167.570,0
15.11.2016 14:15:00.000,2167.320,2168.700,2166.820,2168.070,0
15.11.2016 14:30:00.000,2168.320,2170.570,2166.820,2167.200,0
15.11.2016 14:45:00.000,2167.070,2168.330,2166.070,2167.830,0
15.11.2016 15:00:00.000,2167.580,2171.820,2167.580,2170.950,0
15.11.2016 15:15:00.000,2170.820,2172.070,2169.820,2170.250,0
15.11.2016 15:30:00.000,2170.320,2170.570,2168.250,2169.250,0
15.11.2016 15:45:00.000,2169.320,2170.820,2168.320,2170.500,0
15.11.2016 16:00:00.000,2170.570,2172.070,2170.070,2171.070,0
15.11.2016 16:15:00.000,2171.250,2172.320,2170.070,2170.450,0
15.11.2016 16:30:00.000,2170.320,2171.830,2169.820,2170.080,0
15.11.2016 16:45:00.000,2170.200,2170.830,2168.580,2170.330,0
15.11.2016 17:00:00.000,2170.080,2172.080,2169.450,2171.580,0
15.11.2016 17:15:00.000,2171.450,2171.450,2170.330,2170.330,0
15.11.2016 17:30:00.000,2170.580,2171.330,2168.080,2168.080,0
15.11.2016 17:45:00.000,2167.950,2169.330,2167.830,2168.330,0
15.11.2016 18:00:00.000,2168.580,2170.580,2168.580,2169.830,0
15.11.2016 18:15:00.000,2170.080,2170.580,2169.080,2169.580,0
15.11.2016 18:30:00.000,2169.330,2171.080,2169.330,2170.830,0
15.11.2016 18:45:00.000,2171.080,2172.080,2170.830,2172.070,0
15.11.2016 19:00:00.000,2171.950,2174.570,2171.320,2174.070,0
15.11.2016 19:15:00.000,2174.000,2174.320,2172.830,2173.750,0
15.11.2016 19:30:00.000,2173.830,2177.320,2173.830,2177.320,0
15.11.2016 19:45:00.000,2177.070,2179.500,2176.330,2178.830,0
15.11.2016 20:00:00.000,2178.580,2180.080,2177.330,2178.250,0
15.11.2016 20:15:00.000,2178.330,2179.580,2177.150,2178.830,0
15.11.2016 20:30:00.000,2178.580,2180.830,2177.830,2179.820,0
15.11.2016 20:45:00.000,2179.570,2180.820,2178.320,2180.320,0
15.11.2016 21:00:00.000,2180.570,2182.570,2179.820,2182.570,0
15.11.2016 21:15:00.000,2182.570,2182.570,2182.570,2182.570,0
15.11.2016 21:30:00.000,2182.320,2182.320,2181.000,2181.570,0
15.11.2016 21:45:00.000,2181.320,2182.320,2181.320,2182.070,0
15.11.2016 22:00:00.000,2182.070,2182.070,2182.070,2182.070,0
15.11.2016 22:15:00.000,2182.070,2182.070,2182.070,2182.070,0
15.11.2016 22:30:00.000,2182.070,2182.070,2182.070,2182.070,0
15.11.2016 22:45:00.000,2182.070,2182.070,2182.070,2182.070,0
15.11.2016 23:00:00.000,2181.350,2181.730,2180.980,2180.980,0
15.11.2016 23:15:00.000,2180.970,2181.720,2180.970,2181.220,0
15.11.2016 23:30:00.000,2181.220,2182.350,2180.720,2180.720,0
15.11.2016 23:45:00.000,2180.900,2181.720,2180.650,2181.470,0
16.11.2016 00:00:00.000,2180.790,2180.790,2180.790,2180.790,0
16.11.2016 00:15:00.000,2180.790,2180.790,2180.790,2180.790,0
16.11.2016 00:30:00.000,2180.790,2180.790,2180.790,2180.790,0
16.11.2016 00:45:00.000,2180.790,2180.790,2180.790,2180.790,0
16.11.2016 01:00:00.000,2180.790,2180.790,2180.790,2180.790,0
16.11.2016 01:15:00.000,2180.790,2180.790,2180.790,2180.790,0
16.11.2016 01:30:00.000,2180.790,2180.790,2180.790,2180.790,0
16.11.2016 01:45:00.000,2180.790,2180.790,2180.790,2180.790,0
16.11.2016 02:00:00.000,2180.790,2180.790,2180.790,2180.790,0
16.11.2016 02:15:00.000,2180.790,2180.790,2180.790,2180.790,0
16.11.2016 02:30:00.000,2180.790,2180.790,2180.790,2180.790,0
16.11.2016 02:45:00.000,2180.790,2180.790,2180.790,2180.790,0
16.11.2016 03:00:00.000,2180.790,2180.790,2180.790,2180.790,0
16.11.2016 03:15:00.000,2180.790,2180.790,2180.790,2180.790,0
16.11.2016 03:30:00.000,2180.790,2180.790,2180.790,2180.790,0
16.11.2016 03:45:00.000,2180.790,2180.790,2180.790,2180.790,0
16.11.2016 04:00:00.000,2180.790,2180.790,2180.790,2180.790,0
16.11.2016 04:15:00.000,2180.790,2180.790,2180.790,2180.790,0
16.11.2016 04:30:00.000,2180.790,2180.790,2180.790,2180.790,0
16.11.2016 04:45:00.000,2180.790,2180.790,2180.790,2180.790,0
16.11.2016 05:00:00.000,2180.790,2180.790,2180.790,2180.790,0
16.11.2016 05:15:00.000,2180.790,2180.790,2180.790,2180.790,0
16.11.2016 05:30:00.000,2180.790,2180.790,2180.790,2180.790,0
16.11.2016 05:45:00.000,2180.790,2180.790,2180.790,2180.790,0
16.11.2016 06:00:00.000,2180.790,2180.790,2180.790,2180.790,0
16.11.2016 06:15:00.000,2180.790,2180.790,2180.790,2180.790,0
16.11.2016 06:30:00.000,2180.790,2180.790,2180.790,2180.790,0
16.11.2016 06:45:00.000,2180.790,2180.790,2180.790,2180.790,0
16.11.2016 07:00:00.000,2183.159,2183.200,2181.768,2182.690,189054.99939999997
16.11.2016 07:15:00.000,2182.540,2182.939,2180.931,2180.986,224114.99860000002
16.11.2016 07:30:00.000,2180.980,2181.248,2179.768,2180.271,326116.9978
16.11.2016 07:45:00.000,2180.275,2180.729,2179.000,2179.483,501797.9963
16.11.2016 08:00:00.000,2179.467,2181.491,2179.162,2180.927,580346.998
16.11.2016 08:15:00.000,2180.935,2180.939,2178.006,2179.439,431111.99700000003
16.11.2016 08:30:00.000,2179.438,2180.699,2178.810,2180.070,279178.9983
16.11.2016 08:45:00.000,2180.070,2180.447,2178.933,2179.105,319019.9984
16.11.2016 09:00:00.000,2179.093,2179.690,2178.003,2178.148,381379.0017
16.11.2016 09:15:00.000,2178.194,2179.690,2177.657,2179.439,377818.00139999995
16.11.2016 09:30:00.000,2179.342,2180.204,2178.677,2178.729,395017.99809999997
16.11.2016 09:45:00.000,2178.717,2179.197,2177.551,2177.620,368708.0031
16.11.2016 10:00:00.000,2177.690,2178.700,2177.455,2178.447,346163.9995999999
16.11.2016 10:15:00.000,2178.451,2179.450,2178.199,2179.269,289132.99840000004
16.11.2016 10:30:00.000,2179.280,2179.700,2177.935,2178.458,384632.00070000003
16.11.2016 10:45:00.000,2178.450,2179.700,2178.208,2179.204,299948.9979000001
16.11.2016 11:00:00.000,2179.168,2179.450,2177.687,2178.002,362549.00139999995
16.11.2016 11:15:00.000,2177.992,2178.838,2177.992,2178.500,395739.9979
16.11.2016 11:30:00.000,2178.535,2178.778,2176.700,2177.243,449326.9996000001
16.11.2016 11:45:00.000,2177.231,2177.504,2175.462,2176.011,574354.9987
16.11.2016 12:00:00.000,2176.004,2176.015,2174.311,2174.334,626986.9877
16.11.2016 12:15:00.000,2174.337,2174.656,2173.379,2174.591,550370.0022999999
16.11.2016 12:30:00.000,2174.582,2175.036,2171.700,2173.254,640623.9904
16.11.2016 12:45:00.000,2173.265,2175.076,2173.029,2174.852,551316.9933
16.11.2016 13:00:00.000,2174.860,2175.182,2173.200,2174.009,656140.9868000001
16.11.2016 13:15:00.000,2174.001,2174.352,2172.394,2172.537,651753.9954
16.11.2016 13:30:00.000,2172.545,2175.251,2172.529,2174.765,720516.9984000002
16.11.2016 13:45:00.000,2174.774,2174.774,2173.052,2173.094,643899.9922
16.11.2016 14:00:00.000,2173.092,2173.556,2171.854,2171.895,625099.9922999999
16.11.2016 14:15:00.000,2171.886,2173.493,2171.488,2173.402,731326.9937
16.11.2016 14:30:00.000,2173.402,2177.484,2172.749,2177.465,1096094.9882
16.11.2016 14:45:00.000,2177.484,2177.895,2172.699,2173.231,982790.9916000002
16.11.2016 15:00:00.000,2173.223,2175.817,2172.968,2174.601,1034058.0121999999
16.11.2016 15:15:00.000,2174.581,2176.805,2174.045,2175.483,981863.9941999998
16.11.2016 15:30:00.000,2175.358,2178.904,2174.485,2177.762,1022001.9854000001
16.11.2016 15:45:00.000,2177.760,2178.278,2176.329,2177.047,994694.0021999999
16.11.2016 16:00:00.000,2177.045,2177.353,2173.727,2175.319,967318.0096
16.11.2016 16:15:00.000,2175.301,2176.345,2174.150,2176.328,934374.0046999999
16.11.2016 16:30:00.000,2176.332,2177.011,2173.560,2173.589,877186.9951000001
16.11.2016 16:45:00.000,2173.586,2175.028,2173.073,2174.315,888299.9941000002
16.11.2016 17:00:00.000,2174.326,2174.566,2172.791,2173.711,822516.9924
16.11.2016 17:15:00.000,2173.732,2174.475,2171.820,2174.046,763289.9954
16.11.2016 17:30:00.000,2174.057,2175.097,2173.820,2174.005,832846.9991
16.11.2016 17:45:00.000,2174.002,2175.132,2172.950,2174.307,833956.9942000001
16.11.2016 18:00:00.000,2174.304,2174.985,2172.483,2174.003,831907.0004000001
16.11.2016 18:15:00.000,2174.014,2174.016,2171.931,2173.585,809809.9902
16.11.2016 18:30:00.000,2173.569,2174.991,2172.949,2174.579,783966.9918000001
16.11.2016 18:45:00.000,2174.578,2175.229,2174.054,2174.744,742606.9937
16.11.2016 19:00:00.000,2174.721,2175.823,2174.263,2175.313,806519.9963000001
16.11.2016 19:15:00.000,2175.335,2175.721,2174.458,2175.064,801820.0025000002
16.11.2016 19:30:00.000,2175.062,2176.526,2174.739,2175.521,799469.9925
16.11.2016 19:45:00.000,2175.533,2177.051,2175.037,2176.309,783026.9970999999
16.11.2016 20:00:00.000,2176.317,2177.774,2176.144,2177.193,776623.9939
16.11.2016 20:15:00.000,2177.238,2178.257,2176.093,2176.328,801829.9938
16.11.2016 20:30:00.000,2176.305,2177.388,2175.571,2176.388,806049.9990000002
16.11.2016 20:45:00.000,2176.340,2177.280,2174.591,2176.958,872480.0088000001
16.11.2016 21:00:00.000,2177.155,2177.155,2177.155,2177.155,940
16.11.2016 21:15:00.000,2177.155,2177.155,2177.155,2177.155,0
16.11.2016 21:30:00.000,2177.155,2177.155,2177.155,2177.155,0
16.11.2016 21:45:00.000,2177.155,2177.155,2177.155,2177.155,0
16.11.2016 22:00:00.000,2177.155,2177.155,2177.155,2177.155,0
16.11.2016 22:15:00.000,2177.155,2177.155,2177.155,2177.155,0
16.11.2016 22:30:00.000,2177.155,2177.155,2177.155,2177.155,0
16.11.2016 22:45:00.000,2177.155,2177.155,2177.155,2177.155,0
16.11.2016 23:00:00.000,2177.155,2177.155,2177.155,2177.155,0
16.11.2016 23:15:00.000,2177.155,2177.155,2177.155,2177.155,0
16.11.2016 23:30:00.000,2177.155,2177.155,2177.155,2177.155,0
16.11.2016 23:45:00.000,2177.155,2177.155,2177.155,2177.155,0
17.11.2016 00:00:00.000,2177.155,2177.155,2177.155,2177.155,0
17.11.2016 00:15:00.000,2177.155,2177.155,2177.155,2177.155,0
17.11.2016 00:30:00.000,2177.155,2177.155,2177.155,2177.155,0
17.11.2016 00:45:00.000,2177.155,2177.155,2177.155,2177.155,0
17.11.2016 01:00:00.000,2177.155,2177.155,2177.155,2177.155,0
17.11.2016 01:15:00.000,2177.155,2177.155,2177.155,2177.155,0
17.11.2016 01:30:00.000,2177.155,2177.155,2177.155,2177.155,0
17.11.2016 01:45:00.000,2177.155,2177.155,2177.155,2177.155,0
17.11.2016 02:00:00.000,2177.155,2177.155,2177.155,2177.155,0
17.11.2016 02:15:00.000,2177.155,2177.155,2177.155,2177.155,0
17.11.2016 02:30:00.000,2177.155,2177.155,2177.155,2177.155,0
17.11.2016 02:45:00.000,2177.155,2177.155,2177.155,2177.155,0
17.11.2016 03:00:00.000,2177.155,2177.155,2177.155,2177.155,0
17.11.2016 03:15:00.000,2177.155,2177.155,2177.155,2177.155,0
17.11.2016 03:30:00.000,2177.155,2177.155,2177.155,2177.155,0
17.11.2016 03:45:00.000,2177.155,2177.155,2177.155,2177.155,0
17.11.2016 04:00:00.000,2177.155,2177.155,2177.155,2177.155,0
17.11.2016 04:15:00.000,2177.155,2177.155,2177.155,2177.155,0
17.11.2016 04:30:00.000,2177.155,2177.155,2177.155,2177.155,0
17.11.2016 04:45:00.000,2177.155,2177.155,2177.155,2177.155,0
17.11.2016 05:00:00.000,2177.155,2177.155,2177.155,2177.155,0
17.11.2016 05:15:00.000,2177.155,2177.155,2177.155,2177.155,0
17.11.2016 05:30:00.000,2177.155,2177.155,2177.155,2177.155,0
17.11.2016 05:45:00.000,2177.155,2177.155,2177.155,2177.155,0
17.11.2016 06:00:00.000,2177.155,2177.155,2177.155,2177.155,0
17.11.2016 06:15:00.000,2177.155,2177.155,2177.155,2177.155,0
17.11.2016 06:30:00.000,2177.155,2177.155,2177.155,2177.155,0
17.11.2016 06:45:00.000,2177.155,2177.155,2177.155,2177.155,0
17.11.2016 07:00:00.000,2177.369,2177.939,2177.152,2177.152,86949.999
17.11.2016 07:15:00.000,2177.159,2177.439,2176.410,2176.615,74942.00039999999
17.11.2016 07:30:00.000,2176.690,2176.953,2175.613,2176.173,48861.99960000001
17.11.2016 07:45:00.000,2176.204,2176.440,2174.686,2174.686,99624.99900000001
17.11.2016 08:00:00.000,2174.699,2175.700,2174.419,2175.200,141707.0011
17.11.2016 08:15:00.000,2175.168,2176.370,2174.665,2174.842,110972.00159999999
17.11.2016 08:30:00.000,2174.949,2177.700,2174.868,2177.699,115595.00029999999
17.11.2016 08:45:00.000,2177.699,2178.450,2176.665,2177.938,91807.9996
17.11.2016 09:00:00.000,2177.960,2178.200,2175.948,2177.456,122608.9997
17.11.2016 09:15:00.000,2177.461,2177.731,2176.070,2177.119,105285
17.11.2016 09:30:00.000,2177.119,2177.959,2176.928,2177.699,105896.0016
17.11.2016 09:45:00.000,2177.590,2177.713,2175.677,2176.628,98754.9999
17.11.2016 10:00:00.000,2176.631,2176.950,2175.915,2176.200,97087.99969999999
17.11.2016 10:15:00.000,2176.200,2176.700,2175.413,2176.439,69676.00050000001
17.11.2016 10:30:00.000,2176.346,2177.440,2176.174,2177.174,73177.0008
17.11.2016 10:45:00.000,2177.201,2178.190,2177.190,2177.890,93104.99909999999
17.11.2016 11:00:00.000,2177.964,2178.689,2177.413,2177.689,91067.99990000001
17.11.2016 11:15:00.000,2177.701,2178.449,2177.654,2178.170,34382.0004
17.11.2016 11:30:00.000,2178.200,2178.250,2177.156,2177.939,71072.9994
17.11.2016 11:45:00.000,2177.855,2177.990,2176.699,2176.908,65712.9995
17.11.2016 12:00:00.000,2176.865,2178.720,2176.751,2178.690,62340.9999
17.11.2016 12:15:00.000,2178.690,2178.770,2177.680,2178.699,102549.9999
17.11.2016 12:30:00.000,2178.699,2178.770,2177.440,2177.440,104051.9984
17.11.2016 12:45:00.000,2177.451,2177.481,2176.072,2176.168,58027.99939999999
17.11.2016 13:00:00.000,2176.191,2176.940,2175.402,2176.440,117910.99949999999
17.11.2016 13:15:00.000,2176.381,2176.750,2175.686,2175.939,84294.00029999999
17.11.2016 13:30:00.000,2175.939,2176.440,2174.680,2175.185,166789.9971
17.11.2016 13:45:00.000,2175.133,2176.770,2174.200,2176.619,65401.00089999999
17.11.2016 14:00:00.000,2176.700,2177.270,2176.196,2176.939,97883.9993
17.11.2016 14:15:00.000,2176.894,2178.448,2176.893,2177.641,93147.0004
17.11.2016 14:30:00.000,2177.622,2182.010,2176.487,2180.460,313107.0033
17.11.2016 14:45:00.000,2180.443,2183.690,2180.166,2183.190,240286.00100000002
17.11.2016 15:00:00.000,2183.440,2183.440,2180.952,2181.690,274764.00049999997
17.11.2016 15:15:00.000,2181.690,2182.440,2180.200,2180.699,166058.0005
17.11.2016 15:30:00.000,2180.599,2180.939,2178.352,2180.689,165244.00100000005
17.11.2016 15:45:00.000,2180.695,2181.940,2179.645,2179.882,162662.9994
17.11.2016 16:00:00.000,2179.690,2183.520,2179.689,2182.440,165023.99960000004
17.11.2016 16:15:00.000,2182.690,2183.111,2181.945,2181.998,827135.9951000001
17.11.2016 16:30:00.000,2182.008,2184.820,2180.940,2184.690,423230.0017999999
17.11.2016 16:45:00.000,2184.760,2186.189,2184.467,2185.189,365560.0026
17.11.2016 17:00:00.000,2185.339,2186.440,2185.005,2186.224,342499.99659999995
17.11.2016 17:15:00.000,2186.207,2187.690,2185.939,2187.250,284640.0004
17.11.2016 17:30:00.000,2187.189,2187.440,2186.441,2186.689,321860.0004000001
17.11.2016 17:45:00.000,2186.690,2186.940,2184.481,2185.439,256320.00150000004
17.11.2016 18:00:00.000,2185.480,2186.440,2185.370,2186.190,189529.99949999998
17.11.2016 18:15:00.000,2186.229,2186.449,2185.189,2185.819,255699.9979
17.11.2016 18:30:00.000,2185.870,2186.940,2185.722,2186.319,212960.00059999997
17.11.2016 18:45:00.000,2186.319,2186.440,2184.206,2184.209,268690.0008
17.11.2016 19:00:00.000,2184.439,2184.820,2182.944,2184.190,326829.9998
17.11.2016 19:15:00.000,2183.939,2185.440,2183.689,2184.189,285770.00059999997
17.11.2016 19:30:00.000,2184.189,2184.699,2182.819,2183.618,264290.0004
17.11.2016 19:45:00.000,2183.608,2184.700,2182.950,2184.320,285750.0008
17.11.2016 20:00:00.000,2184.320,2185.700,2183.699,2185.620,254279.99910000002
17.11.2016 20:15:00.000,2185.620,2185.950,2184.199,2185.699,243240.00029999996
17.11.2016 20:30:00.000,2185.699,2186.200,2185.200,2185.949,251329.99750000003
17.11.2016 20:45:00.000,2185.819,2186.949,2185.699,2186.690,244169.9987
17.11.2016 21:00:00.000,2186.690,2186.690,2186.570,2186.570,1480
17.11.2016 21:15:00.000,2186.570,2186.570,2186.570,2186.570,0
17.11.2016 21:30:00.000,2186.570,2186.570,2186.570,2186.570,0
17.11.2016 21:45:00.000,2186.570,2186.570,2186.570,2186.570,0
17.11.2016 22:00:00.000,2186.570,2186.570,2186.570,2186.570,0
17.11.2016 22:15:00.000,2186.570,2186.570,2186.570,2186.570,0
17.11.2016 22:30:00.000,2186.570,2186.570,2186.570,2186.570,0
17.11.2016 22:45:00.000,2186.570,2186.570,2186.570,2186.570,0
17.11.2016 23:00:00.000,2186.570,2186.570,2186.570,2186.570,0
17.11.2016 23:15:00.000,2186.570,2186.570,2186.570,2186.570,0
17.11.2016 23:30:00.000,2186.570,2186.570,2186.570,2186.570,0
17.11.2016 23:45:00.000,2186.570,2186.570,2186.570,2186.570,0
18.11.2016 00:00:00.000,2186.570,2186.570,2186.570,2186.570,0
18.11.2016 00:15:00.000,2186.570,2186.570,2186.570,2186.570,0
18.11.2016 00:30:00.000,2186.570,2186.570,2186.570,2186.570,0
18.11.2016 00:45:00.000,2186.570,2186.570,2186.570,2186.570,0
18.11.2016 01:00:00.000,2186.570,2186.570,2186.570,2186.570,0
18.11.2016 01:15:00.000,2186.570,2186.570,2186.570,2186.570,0
18.11.2016 01:30:00.000,2186.570,2186.570,2186.570,2186.570,0
18.11.2016 01:45:00.000,2186.570,2186.570,2186.570,2186.570,0
18.11.2016 02:00:00.000,2186.570,2186.570,2186.570,2186.570,0
18.11.2016 02:15:00.000,2186.570,2186.570,2186.570,2186.570,0
18.11.2016 02:30:00.000,2186.570,2186.570,2186.570,2186.570,0
18.11.2016 02:45:00.000,2186.570,2186.570,2186.570,2186.570,0
18.11.2016 03:00:00.000,2186.570,2186.570,2186.570,2186.570,0
18.11.2016 03:15:00.000,2186.570,2186.570,2186.570,2186.570,0
18.11.2016 03:30:00.000,2186.570,2186.570,2186.570,2186.570,0
18.11.2016 03:45:00.000,2186.570,2186.570,2186.570,2186.570,0
18.11.2016 04:00:00.000,2186.570,2186.570,2186.570,2186.570,0
18.11.2016 04:15:00.000,2186.570,2186.570,2186.570,2186.570,0
18.11.2016 04:30:00.000,2186.570,2186.570,2186.570,2186.570,0
18.11.2016 04:45:00.000,2186.570,2186.570,2186.570,2186.570,0
18.11.2016 05:00:00.000,2186.570,2186.570,2186.570,2186.570,0
18.11.2016 05:15:00.000,2186.570,2186.570,2186.570,2186.570,0
18.11.2016 05:30:00.000,2186.570,2186.570,2186.570,2186.570,0
18.11.2016 05:45:00.000,2186.570,2186.570,2186.570,2186.570,0
18.11.2016 06:00:00.000,2186.570,2186.570,2186.570,2186.570,0
18.11.2016 06:15:00.000,2186.570,2186.570,2186.570,2186.570,0
18.11.2016 06:30:00.000,2186.570,2186.570,2186.570,2186.570,0
18.11.2016 06:45:00.000,2186.570,2186.570,2186.570,2186.570,0
18.11.2016 07:00:00.000,2185.069,2186.096,2184.650,2185.787,245539.99869999997
18.11.2016 07:15:00.000,2185.785,2186.340,2185.635,2186.009,203539.9993
18.11.2016 07:30:00.000,2185.996,2186.187,2185.373,2185.606,231940.00060000003
18.11.2016 07:45:00.000,2185.605,2186.218,2185.590,2185.702,251479.9982
18.11.2016 08:00:00.000,2185.702,2186.278,2182.898,2183.066,645400.0023999999
18.11.2016 08:15:00.000,2183.059,2184.994,2182.876,2183.685,545899.9985
18.11.2016 08:30:00.000,2183.641,2184.076,2181.023,2181.289,491119.99929999997
18.11.2016 08:45:00.000,2181.280,2181.805,2180.559,2181.023,495750.0005000001
18.11.2016 09:00:00.000,2181.003,2181.138,2179.515,2179.581,496150.0001
18.11.2016 09:15:00.000,2179.580,2181.723,2178.802,2181.061,532099.9974999999
18.11.2016 09:30:00.000,2181.071,2181.879,2180.580,2180.613,407159.99710000004
18.11.2016 09:45:00.000,2180.622,2182.047,2180.097,2181.616,465710.0028999999
18.11.2016 10:00:00.000,2181.621,2182.515,2181.552,2182.325,376049.99909999996
18.11.2016 10:15:00.000,2182.315,2182.336,2181.071,2181.337,353859.9985
18.11.2016 10:30:00.000,2181.377,2182.366,2181.090,2181.835,396979.9978999999
18.11.2016 10:45:00.000,2181.844,2182.136,2180.867,2182.042,385639.9971
18.11.2016 11:00:00.000,2182.042,2182.843,2181.939,2182.350,363159.9956
18.11.2016 11:15:00.000,2182.334,2183.567,2182.263,2183.379,281709.99940000003
18.11.2016 11:30:00.000,2183.378,2183.378,2182.155,2183.044,300799.99850000005
18.11.2016 11:45:00.000,2183.044,2183.351,2182.251,2183.042,319679.99869999994
18.11.2016 12:00:00.000,2183.044,2185.650,2183.037,2185.114,421759.9967
18.11.2016 12:15:00.000,2185.122,2186.550,2184.929,2186.465,338290.00240000006
18.11.2016 12:30:00.000,2186.416,2188.551,2186.416,2187.130,448420.00849999994
18.11.2016 12:45:00.000,2187.129,2188.951,2186.873,2188.129,395850.00279999996
18.11.2016 13:00:00.000,2188.132,2188.132,2186.100,2186.124,398129.99950000003
18.11.2016 13:15:00.000,2186.115,2186.173,2184.904,2185.618,435420.0027999999
18.11.2016 13:30:00.000,2185.628,2187.184,2185.609,2186.230,455139.9963
18.11.2016 13:45:00.000,2186.144,2186.856,2185.906,2186.845,437719.9989
18.11.2016 14:00:00.000,2186.845,2187.116,2185.389,2186.380,452589.99249999993
18.11.2016 14:15:00.000,2186.380,2188.929,2186.351,2187.564,474889.99909999996
18.11.2016 14:30:00.000,2187.643,2189.685,2185.140,2185.456,747769.9928000001
18.11.2016 14:45:00.000,2185.571,2187.945,2185.564,2185.662,597780.0002
18.11.2016 15:00:00.000,2185.669,2187.943,2185.519,2187.026,604279.9987000001
18.11.2016 15:15:00.000,2187.026,2187.066,2184.421,2185.387,598820.0009000001
18.11.2016 15:30:00.000,2185.416,2185.612,2181.669,2182.165,669579.9978000001
18.11.2016 15:45:00.000,2182.162,2182.587,2180.628,2181.245,620989.9968
18.11.2016 16:00:00.000,2181.282,2181.697,2179.799,2181.619,599420.0037
18.11.2016 16:15:00.000,2181.610,2182.538,2181.069,2182.356,594390.0048999999
18.11.2016 16:30:00.000,2182.317,2182.385,2180.899,2182.095,623720.0013
18.11.2016 16:45:00.000,2182.105,2182.315,2180.223,2180.610,524110.0045
18.11.2016 17:00:00.000,2180.553,2181.477,2180.330,2180.945,448380.00090000004
18.11.2016 17:15:00.000,2180.965,2181.680,2180.355,2181.546,476379.9999
18.11.2016 17:30:00.000,2181.548,2182.017,2180.872,2181.389,410069.9984
18.11.2016 17:45:00.000,2181.387,2182.953,2181.146,2182.893,422639.9947999999
18.11.2016 18:00:00.000,2182.883,2183.027,2182.496,2182.896,340459.99679999996
18.11.2016 18:15:00.000,2182.906,2183.892,2182.655,2183.327,324249.99970000004
18.11.2016 18:30:00.000,2183.347,2184.369,2183.282,2183.864,303170.00299999997
18.11.2016 18:45:00.000,2183.856,2184.332,2182.788,2182.800,418940.002
18.11.2016 19:00:00.000,2182.808,2183.419,2182.130,2182.262,370450.0027999999
18.11.2016 19:15:00.000,2182.267,2183.024,2181.468,2181.821,433599.99539999996
18.11.2016 19:30:00.000,2181.803,2183.055,2181.399,2182.878,392190
18.11.2016 19:45:00.000,2182.878,2183.000,2182.069,2182.069,273239.9997
18.11.2016 20:00:00.000,2181.949,2182.950,2181.450,2182.699,223609.99930000002
18.11.2016 20:15:00.000,2182.812,2184.701,2182.699,2184.449,237439.99850000005
18.11.2016 20:30:00.000,2184.449,2184.950,2183.700,2184.700,253700.00209999998
18.11.2016 20:45:00.000,2184.700,2184.700,2179.939,2182.120,327870.0020999999
18.11.2016 21:00:00.000,2182.319,2182.439,2182.120,2182.369,1250
18.11.2016 21:15:00.000,2182.369,2182.369,2182.369,2182.369,0
18.11.2016 21:30:00.000,2182.369,2182.369,2182.369,2182.369,0
18.11.2016 21:45:00.000,2182.369,2182.369,2182.369,2182.369,0
18.11.2016 22:00:00.000,2182.369,2182.369,2182.369,2182.369,0
18.11.2016 22:15:00.000,2182.369,2182.369,2182.369,2182.369,0
18.11.2016 22:30:00.000,2182.369,2182.369,2182.369,2182.369,0
18.11.2016 22:45:00.000,2182.369,2182.369,2182.369,2182.369,0
18.11.2016 23:00:00.000,2182.369,2182.369,2182.369,2182.369,0
18.11.2016 23:15:00.000,2182.369,2182.369,2182.369,2182.369,0
18.11.2016 23:30:00.000,2182.369,2182.369,2182.369,2182.369,0
18.11.2016 23:45:00.000,2182.369,2182.369,2182.369,2182.369,0
19.11.2016 00:00:00.000,2182.369,2182.369,2182.369,2182.369,0
19.11.2016 00:15:00.000,2182.369,2182.369,2182.369,2182.369,0
19.11.2016 00:30:00.000,2182.369,2182.369,2182.369,2182.369,0
19.11.2016 00:45:00.000,2182.369,2182.369,2182.369,2182.369,0
19.11.2016 01:00:00.000,2182.369,2182.369,2182.369,2182.369,0
19.11.2016 01:15:00.000,2182.369,2182.369,2182.369,2182.369,0
19.11.2016 01:30:00.000,2182.369,2182.369,2182.369,2182.369,0
19.11.2016 01:45:00.000,2182.369,2182.369,2182.369,2182.369,0
19.11.2016 02:00:00.000,2182.369,2182.369,2182.369,2182.369,0
19.11.2016 02:15:00.000,2182.369,2182.369,2182.369,2182.369,0
19.11.2016 02:30:00.000,2182.369,2182.369,2182.369,2182.369,0
19.11.2016 02:45:00.000,2182.369,2182.369,2182.369,2182.369,0
19.11.2016 03:00:00.000,2182.369,2182.369,2182.369,2182.369,0
19.11.2016 03:15:00.000,2182.369,2182.369,2182.369,2182.369,0
19.11.2016 03:30:00.000,2182.369,2182.369,2182.369,2182.369,0
19.11.2016 03:45:00.000,2182.369,2182.369,2182.369,2182.369,0
19.11.2016 04:00:00.000,2182.369,2182.369,2182.369,2182.369,0
19.11.2016 04:15:00.000,2182.369,2182.369,2182.369,2182.369,0
19.11.2016 04:30:00.000,2182.369,2182.369,2182.369,2182.369,0
19.11.2016 04:45:00.000,2182.369,2182.369,2182.369,2182.369,0
19.11.2016 05:00:00.000,2182.369,2182.369,2182.369,2182.369,0
19.11.2016 05:15:00.000,2182.369,2182.369,2182.369,2182.369,0
19.11.2016 05:30:00.000,2182.369,2182.369,2182.369,2182.369,0
19.11.2016 05:45:00.000,2182.369,2182.369,2182.369,2182.369,0
19.11.2016 06:00:00.000,2182.369,2182.369,2182.369,2182.369,0
19.11.2016 06:15:00.000,2182.369,2182.369,2182.369,2182.369,0
19.11.2016 06:30:00.000,2182.369,2182.369,2182.369,2182.369,0
19.11.2016 06:45:00.000,2182.369,2182.369,2182.369,2182.369,0
19.11.2016 07:00:00.000,2182.369,2182.369,2182.369,2182.369,0
19.11.2016 07:15:00.000,2182.369,2182.369,2182.369,2182.369,0
19.11.2016 07:30:00.000,2182.369,2182.369,2182.369,2182.369,0
19.11.2016 07:45:00.000,2182.369,2182.369,2182.369,2182.369,0
19.11.2016 08:00:00.000,2182.369,2182.369,2182.369,2182.369,0
19.11.2016 08:15:00.000,2182.369,2182.369,2182.369,2182.369,0
19.11.2016 08:30:00.000,2182.369,2182.369,2182.369,2182.369,0
19.11.2016 08:45:00.000,2182.369,2182.369,2182.369,2182.369,0
19.11.2016 09:00:00.000,2182.369,2182.369,2182.369,2182.369,0
19.11.2016 09:15:00.000,2182.369,2182.369,2182.369,2182.369,0
19.11.2016 09:30:00.000,2182.369,2182.369,2182.369,2182.369,0
19.11.2016 09:45:00.000,2182.369,2182.369,2182.369,2182.369,0
19.11.2016 10:00:00.000,2182.369,2182.369,2182.369,2182.369,0
19.11.2016 10:15:00.000,2182.369,2182.369,2182.369,2182.369,0
19.11.2016 10:30:00.000,2182.369,2182.369,2182.369,2182.369,0
19.11.2016 10:45:00.000,2182.369,2182.369,2182.369,2182.369,0
19.11.2016 11:00:00.000,2182.369,2182.369,2182.369,2182.369,0
19.11.2016 11:15:00.000,2182.369,2182.369,2182.369,2182.369,0
19.11.2016 11:30:00.000,2182.369,2182.369,2182.369,2182.369,0
19.11.2016 11:45:00.000,2182.369,2182.369,2182.369,2182.369,0
19.11.2016 12:00:00.000,2182.369,2182.369,2182.369,2182.369,0
19.11.2016 12:15:00.000,2182.369,2182.369,2182.369,2182.369,0
19.11.2016 12:30:00.000,2182.369,2182.369,2182.369,2182.369,0
19.11.2016 12:45:00.000,2182.369,2182.369,2182.369,2182.369,0
19.11.2016 13:00:00.000,2182.369,2182.369,2182.369,2182.369,0
19.11.2016 13:15:00.000,2182.369,2182.369,2182.369,2182.369,0
19.11.2016 13:30:00.000,2182.369,2182.369,2182.369,2182.369,0
19.11.2016 13:45:00.000,2182.369,2182.369,2182.369,2182.369,0
19.11.2016 14:00:00.000,2182.369,2182.369,2182.369,2182.369,0
19.11.2016 14:15:00.000,2182.369,2182.369,2182.369,2182.369,0
19.11.2016 14:30:00.000,2182.369,2182.369,2182.369,2182.369,0
19.11.2016 14:45:00.000,2182.369,2182.369,2182.369,2182.369,0
19.11.2016 15:00:00.000,2182.369,2182.369,2182.369,2182.369,0
19.11.2016 15:15:00.000,2182.369,2182.369,2182.369,2182.369,0
19.11.2016 15:30:00.000,2182.369,2182.369,2182.369,2182.369,0
19.11.2016 15:45:00.000,2182.369,2182.369,2182.369,2182.369,0
19.11.2016 16:00:00.000,2182.369,2182.369,2182.369,2182.369,0
19.11.2016 16:15:00.000,2182.369,2182.369,2182.369,2182.369,0
19.11.2016 16:30:00.000,2182.369,2182.369,2182.369,2182.369,0
19.11.2016 16:45:00.000,2182.369,2182.369,2182.369,2182.369,0
19.11.2016 17:00:00.000,2182.369,2182.369,2182.369,2182.369,0
19.11.2016 17:15:00.000,2182.369,2182.369,2182.369,2182.369,0
19.11.2016 17:30:00.000,2182.369,2182.369,2182.369,2182.369,0
19.11.2016 17:45:00.000,2182.369,2182.369,2182.369,2182.369,0
19.11.2016 18:00:00.000,2182.369,2182.369,2182.369,2182.369,0
19.11.2016 18:15:00.000,2182.369,2182.369,2182.369,2182.369,0
19.11.2016 18:30:00.000,2182.369,2182.369,2182.369,2182.369,0
19.11.2016 18:45:00.000,2182.369,2182.369,2182.369,2182.369,0
19.11.2016 19:00:00.000,2182.369,2182.369,2182.369,2182.369,0
19.11.2016 19:15:00.000,2182.369,2182.369,2182.369,2182.369,0
19.11.2016 19:30:00.000,2182.369,2182.369,2182.369,2182.369,0
19.11.2016 19:45:00.000,2182.369,2182.369,2182.369,2182.369,0
19.11.2016 20:00:00.000,2182.369,2182.369,2182.369,2182.369,0
19.11.2016 20:15:00.000,2182.369,2182.369,2182.369,2182.369,0
19.11.2016 20:30:00.000,2182.369,2182.369,2182.369,2182.369,0
19.11.2016 20:45:00.000,2182.369,2182.369,2182.369,2182.369,0
19.11.2016 21:00:00.000,2182.369,2182.369,2182.369,2182.369,0
19.11.2016 21:15:00.000,2182.369,2182.369,2182.369,2182.369,0
19.11.2016 21:30:00.000,2182.369,2182.369,2182.369,2182.369,0
19.11.2016 21:45:00.000,2182.369,2182.369,2182.369,2182.369,0
19.11.2016 22:00:00.000,2182.369,2182.369,2182.369,2182.369,0
19.11.2016 22:15:00.000,2182.369,2182.369,2182.369,2182.369,0
19.11.2016 22:30:00.000,2182.369,2182.369,2182.369,2182.369,0
19.11.2016 22:45:00.000,2182.369,2182.369,2182.369,2182.369,0
19.11.2016 23:00:00.000,2182.369,2182.369,2182.369,2182.369,0
19.11.2016 23:15:00.000,2182.369,2182.369,2182.369,2182.369,0
19.11.2016 23:30:00.000,2182.369,2182.369,2182.369,2182.369,0
19.11.2016 23:45:00.000,2182.369,2182.369,2182.369,2182.369,0
20.11.2016 00:00:00.000,2182.369,2182.369,2182.369,2182.369,0
20.11.2016 00:15:00.000,2182.369,2182.369,2182.369,2182.369,0
20.11.2016 00:30:00.000,2182.369,2182.369,2182.369,2182.369,0
20.11.2016 00:45:00.000,2182.369,2182.369,2182.369,2182.369,0
20.11.2016 01:00:00.000,2182.369,2182.369,2182.369,2182.369,0
20.11.2016 01:15:00.000,2182.369,2182.369,2182.369,2182.369,0
20.11.2016 01:30:00.000,2182.369,2182.369,2182.369,2182.369,0
20.11.2016 01:45:00.000,2182.369,2182.369,2182.369,2182.369,0
20.11.2016 02:00:00.000,2182.369,2182.369,2182.369,2182.369,0
20.11.2016 02:15:00.000,2182.369,2182.369,2182.369,2182.369,0
20.11.2016 02:30:00.000,2182.369,2182.369,2182.369,2182.369,0
20.11.2016 02:45:00.000,2182.369,2182.369,2182.369,2182.369,0
20.11.2016 03:00:00.000,2182.369,2182.369,2182.369,2182.369,0
20.11.2016 03:15:00.000,2182.369,2182.369,2182.369,2182.369,0
20.11.2016 03:30:00.000,2182.369,2182.369,2182.369,2182.369,0
20.11.2016 03:45:00.000,2182.369,2182.369,2182.369,2182.369,0
20.11.2016 04:00:00.000,2182.369,2182.369,2182.369,2182.369,0
20.11.2016 04:15:00.000,2182.369,2182.369,2182.369,2182.369,0
20.11.2016 04:30:00.000,2182.369,2182.369,2182.369,2182.369,0
20.11.2016 04:45:00.000,2182.369,2182.369,2182.369,2182.369,0
20.11.2016 05:00:00.000,2182.369,2182.369,2182.369,2182.369,0
20.11.2016 05:15:00.000,2182.369,2182.369,2182.369,2182.369,0
20.11.2016 05:30:00.000,2182.369,2182.369,2182.369,2182.369,0
20.11.2016 05:45:00.000,2182.369,2182.369,2182.369,2182.369,0
20.11.2016 06:00:00.000,2182.369,2182.369,2182.369,2182.369,0
20.11.2016 06:15:00.000,2182.369,2182.369,2182.369,2182.369,0
20.11.2016 06:30:00.000,2182.369,2182.369,2182.369,2182.369,0
20.11.2016 06:45:00.000,2182.369,2182.369,2182.369,2182.369,0
20.11.2016 07:00:00.000,2182.369,2182.369,2182.369,2182.369,0
20.11.2016 07:15:00.000,2182.369,2182.369,2182.369,2182.369,0
20.11.2016 07:30:00.000,2182.369,2182.369,2182.369,2182.369,0
20.11.2016 07:45:00.000,2182.369,2182.369,2182.369,2182.369,0
20.11.2016 08:00:00.000,2182.369,2182.369,2182.369,2182.369,0
20.11.2016 08:15:00.000,2182.369,2182.369,2182.369,2182.369,0
20.11.2016 08:30:00.000,2182.369,2182.369,2182.369,2182.369,0
20.11.2016 08:45:00.000,2182.369,2182.369,2182.369,2182.369,0
20.11.2016 09:00:00.000,2182.369,2182.369,2182.369,2182.369,0
20.11.2016 09:15:00.000,2182.369,2182.369,2182.369,2182.369,0
20.11.2016 09:30:00.000,2182.369,2182.369,2182.369,2182.369,0
20.11.2016 09:45:00.000,2182.369,2182.369,2182.369,2182.369,0
20.11.2016 10:00:00.000,2182.369,2182.369,2182.369,2182.369,0
20.11.2016 10:15:00.000,2182.369,2182.369,2182.369,2182.369,0
20.11.2016 10:30:00.000,2182.369,2182.369,2182.369,2182.369,0
20.11.2016 10:45:00.000,2182.369,2182.369,2182.369,2182.369,0
20.11.2016 11:00:00.000,2182.369,2182.369,2182.369,2182.369,0
20.11.2016 11:15:00.000,2182.369,2182.369,2182.369,2182.369,0
20.11.2016 11:30:00.000,2182.369,2182.369,2182.369,2182.369,0
20.11.2016 11:45:00.000,2182.369,2182.369,2182.369,2182.369,0
20.11.2016 12:00:00.000,2182.369,2182.369,2182.369,2182.369,0
20.11.2016 12:15:00.000,2182.369,2182.369,2182.369,2182.369,0
20.11.2016 12:30:00.000,2182.369,2182.369,2182.369,2182.369,0
20.11.2016 12:45:00.000,2182.369,2182.369,2182.369,2182.369,0
20.11.2016 13:00:00.000,2182.369,2182.369,2182.369,2182.369,0
20.11.2016 13:15:00.000,2182.369,2182.369,2182.369,2182.369,0
20.11.2016 13:30:00.000,2182.369,2182.369,2182.369,2182.369,0
20.11.2016 13:45:00.000,2182.369,2182.369,2182.369,2182.369,0
20.11.2016 14:00:00.000,2182.369,2182.369,2182.369,2182.369,0
20.11.2016 14:15:00.000,2182.369,2182.369,2182.369,2182.369,0
20.11.2016 14:30:00.000,2182.369,2182.369,2182.369,2182.369,0
20.11.2016 14:45:00.000,2182.369,2182.369,2182.369,2182.369,0
20.11.2016 15:00:00.000,2182.369,2182.369,2182.369,2182.369,0
20.11.2016 15:15:00.000,2182.369,2182.369,2182.369,2182.369,0
20.11.2016 15:30:00.000,2182.369,2182.369,2182.369,2182.369,0
20.11.2016 15:45:00.000,2182.369,2182.369,2182.369,2182.369,0
20.11.2016 16:00:00.000,2182.369,2182.369,2182.369,2182.369,0
20.11.2016 16:15:00.000,2182.369,2182.369,2182.369,2182.369,0
20.11.2016 16:30:00.000,2182.369,2182.369,2182.369,2182.369,0
20.11.2016 16:45:00.000,2182.369,2182.369,2182.369,2182.369,0
20.11.2016 17:00:00.000,2182.369,2182.369,2182.369,2182.369,0
20.11.2016 17:15:00.000,2182.369,2182.369,2182.369,2182.369,0
20.11.2016 17:30:00.000,2182.369,2182.369,2182.369,2182.369,0
20.11.2016 17:45:00.000,2182.369,2182.369,2182.369,2182.369,0
20.11.2016 18:00:00.000,2182.369,2182.369,2182.369,2182.369,0
20.11.2016 18:15:00.000,2182.369,2182.369,2182.369,2182.369,0
20.11.2016 18:30:00.000,2182.369,2182.369,2182.369,2182.369,0
20.11.2016 18:45:00.000,2182.369,2182.369,2182.369,2182.369,0
20.11.2016 19:00:00.000,2182.369,2182.369,2182.369,2182.369,0
20.11.2016 19:15:00.000,2182.369,2182.369,2182.369,2182.369,0
20.11.2016 19:30:00.000,2182.369,2182.369,2182.369,2182.369,0
20.11.2016 19:45:00.000,2182.369,2182.369,2182.369,2182.369,0
20.11.2016 20:00:00.000,2182.369,2182.369,2182.369,2182.369,0
20.11.2016 20:15:00.000,2182.369,2182.369,2182.369,2182.369,0
20.11.2016 20:30:00.000,2182.369,2182.369,2182.369,2182.369,0
20.11.2016 20:45:00.000,2182.369,2182.369,2182.369,2182.369,0
20.11.2016 21:00:00.000,2182.369,2182.369,2182.369,2182.369,0
20.11.2016 21:15:00.000,2182.369,2182.369,2182.369,2182.369,0
20.11.2016 21:30:00.000,2182.369,2182.369,2182.369,2182.369,0
20.11.2016 21:45:00.000,2182.369,2182.369,2182.369,2182.369,0
20.11.2016 22:00:00.000,2182.369,2182.369,2182.369,2182.369,0
20.11.2016 22:15:00.000,2182.369,2182.369,2182.369,2182.369,0
20.11.2016 22:30:00.000,2182.369,2182.369,2182.369,2182.369,0
20.11.2016 22:45:00.000,2182.369,2182.369,2182.369,2182.369,0
20.11.2016 23:00:00.000,2182.369,2182.369,2182.369,2182.369,0
20.11.2016 23:15:00.000,2182.369,2182.369,2182.369,2182.369,0
20.11.2016 23:30:00.000,2182.369,2182.369,2182.369,2182.369,0
20.11.2016 23:45:00.000,2182.369,2182.369,2182.369,2182.369,0
21.11.2016 00:00:00.000,2182.369,2182.369,2182.369,2182.369,0
21.11.2016 00:15:00.000,2182.369,2182.369,2182.369,2182.369,0
21.11.2016 00:30:00.000,2182.369,2182.369,2182.369,2182.369,0
21.11.2016 00:45:00.000,2182.369,2182.369,2182.369,2182.369,0
21.11.2016 01:00:00.000,2182.369,2182.369,2182.369,2182.369,0
21.11.2016 01:15:00.000,2182.369,2182.369,2182.369,2182.369,0
21.11.2016 01:30:00.000,2182.369,2182.369,2182.369,2182.369,0
21.11.2016 01:45:00.000,2182.369,2182.369,2182.369,2182.369,0
21.11.2016 02:00:00.000,2182.369,2182.369,2182.369,2182.369,0
21.11.2016 02:15:00.000,2182.369,2182.369,2182.369,2182.369,0
21.11.2016 02:30:00.000,2182.369,2182.369,2182.369,2182.369,0
21.11.2016 02:45:00.000,2182.369,2182.369,2182.369,2182.369,0
21.11.2016 03:00:00.000,2182.369,2182.369,2182.369,2182.369,0
21.11.2016 03:15:00.000,2182.369,2182.369,2182.369,2182.369,0
21.11.2016 03:30:00.000,2182.369,2182.369,2182.369,2182.369,0
21.11.2016 03:45:00.000,2182.369,2182.369,2182.369,2182.369,0
21.11.2016 04:00:00.000,2182.369,2182.369,2182.369,2182.369,0
21.11.2016 04:15:00.000,2182.369,2182.369,2182.369,2182.369,0
21.11.2016 04:30:00.000,2182.369,2182.369,2182.369,2182.369,0
21.11.2016 04:45:00.000,2182.369,2182.369,2182.369,2182.369,0
21.11.2016 05:00:00.000,2182.369,2182.369,2182.369,2182.369,0
21.11.2016 05:15:00.000,2182.369,2182.369,2182.369,2182.369,0
21.11.2016 05:30:00.000,2182.369,2182.369,2182.369,2182.369,0
21.11.2016 05:45:00.000,2182.369,2182.369,2182.369,2182.369,0
21.11.2016 06:00:00.000,2182.369,2182.369,2182.369,2182.369,0
21.11.2016 06:15:00.000,2182.369,2182.369,2182.369,2182.369,0
21.11.2016 06:30:00.000,2182.369,2182.369,2182.369,2182.369,0
21.11.2016 06:45:00.000,2182.369,2182.369,2182.369,2182.369,0
21.11.2016 07:00:00.000,2186.450,2186.950,2185.274,2185.949,155840.00209999998
21.11.2016 07:15:00.000,2185.949,2186.939,2185.949,2186.440,106060.00080000001
21.11.2016 07:30:00.000,2186.440,2187.819,2186.284,2186.939,167330.0006
21.11.2016 07:45:00.000,2187.070,2187.440,2186.690,2187.070,156530.0008
21.11.2016 08:00:00.000,2186.940,2187.440,2184.671,2185.689,337530.0004
21.11.2016 08:15:00.000,2185.689,2187.190,2185.189,2187.190,293289.9986
21.11.2016 08:30:00.000,2187.190,2187.190,2185.190,2185.440,221770.00089999998
21.11.2016 08:45:00.000,2185.570,2186.440,2185.439,2185.940,221799.99809999997
21.11.2016 09:00:00.000,2185.940,2186.190,2183.007,2184.200,301710.00129999995
21.11.2016 09:15:00.000,2183.950,2184.069,2181.517,2181.950,319009.999
21.11.2016 09:30:00.000,2182.070,2183.449,2181.266,2183.449,299110.00489999994
21.11.2016 09:45:00.000,2183.449,2184.200,2183.199,2183.949,185430.00060000003
21.11.2016 10:00:00.000,2183.949,2187.440,2183.949,2186.939,237729.9998
21.11.2016 10:15:00.000,2186.939,2188.119,2186.490,2187.689,282510.003
21.11.2016 10:30:00.000,2187.689,2188.190,2186.509,2186.939,266310.0009
21.11.2016 10:45:00.000,2186.939,2187.190,2185.870,2186.190,164260.0009
21.11.2016 11:00:00.000,2186.190,2187.690,2185.731,2187.570,270929.99980000005
21.11.2016 11:15:00.000,2187.439,2187.690,2186.748,2187.689,233080.00280000002
21.11.2016 11:30:00.000,2187.689,2187.690,2186.939,2186.939,158059.9998
21.11.2016 11:45:00.000,2186.939,2187.690,2186.689,2187.439,141260.0015
21.11.2016 12:00:00.000,2187.439,2187.939,2186.743,2187.689,174770.00209999995
21.11.2016 12:15:00.000,2187.689,2187.940,2185.949,2186.200,148050.0015
21.11.2016 12:30:00.000,2186.200,2187.200,2185.712,2187.200,190700.0007
21.11.2016 12:45:00.000,2187.200,2187.690,2186.488,2187.190,234829.9976
21.11.2016 13:00:00.000,2187.070,2187.940,2186.939,2187.939,158899.99899999998
21.11.2016 13:15:00.000,2187.939,2188.940,2187.619,2188.440,309770.00109999994
21.11.2016 13:30:00.000,2188.440,2189.189,2187.732,2189.189,281169.9984
21.11.2016 13:45:00.000,2189.189,2189.190,2188.620,2188.690,176000.0015
21.11.2016 14:00:00.000,2188.934,2189.689,2188.499,2188.939,182229.99859999996
21.11.2016 14:15:00.000,2188.939,2189.190,2188.017,2188.689,261309.9982
21.11.2016 14:30:00.000,2188.180,2192.440,2188.180,2191.939,539270.0025000001
21.11.2016 14:45:00.000,2191.939,2193.689,2191.531,2192.710,372349.9932
21.11.2016 15:00:00.000,2193.190,2193.440,2190.973,2191.450,369009.9976
21.11.2016 15:15:00.000,2191.450,2191.450,2186.666,2188.689,467970.0034
21.11.2016 15:30:00.000,2188.439,2190.700,2188.439,2190.700,377559.99700000003
21.11.2016 15:45:00.000,2190.700,2191.200,2189.478,2190.017,408409.994
21.11.2016 16:00:00.000,2190.449,2193.440,2189.739,2192.663,487359.9962
21.11.2016 16:15:00.000,2192.439,2193.190,2192.189,2192.190,328760.00100000005
21.11.2016 16:30:00.000,2192.190,2193.440,2191.939,2193.190,249879.9989
21.11.2016 16:45:00.000,2193.190,2193.820,2192.870,2193.689,225760.0008
21.11.2016 17:00:00.000,2193.689,2193.940,2192.939,2192.940,245500.00310000003
21.11.2016 17:15:00.000,2192.940,2193.690,2192.689,2193.690,202999.9997
21.11.2016 17:30:00.000,2193.690,2196.690,2193.689,2196.320,288689.99799999996
21.11.2016 17:45:00.000,2196.320,2196.690,2195.939,2196.190,240749.99899999998
21.11.2016 18:00:00.000,2196.070,2197.440,2196.070,2196.440,229390.00389999998
21.11.2016 18:15:00.000,2196.440,2196.940,2195.939,2196.189,258919.99930000002
21.11.2016 18:30:00.000,2196.440,2196.690,2195.689,2196.439,209500.00089999998
21.11.2016 18:45:00.000,2196.439,2196.940,2196.189,2196.189,194000.0021
21.11.2016 19:00:00.000,2196.189,2196.190,2194.939,2195.189,208630.00050000002
21.11.2016 19:15:00.000,2195.189,2195.940,2194.939,2195.439,184750.00100000005
21.11.2016 19:30:00.000,2195.439,2196.189,2194.699,2194.699,208500.0005
21.11.2016 19:45:00.000,2194.699,2196.200,2194.699,2194.949,223999.99929999997
21.11.2016 20:00:00.000,2194.949,2195.950,2194.700,2195.950,229750.00079999998
21.11.2016 20:15:00.000,2195.950,2196.199,2194.939,2195.450,240510.00280000005
21.11.2016 20:30:00.000,2195.450,2196.200,2195.319,2195.450,260749.9976
21.11.2016 20:45:00.000,2195.450,2198.699,2195.449,2197.950,343240.00229999993
21.11.2016 21:00:00.000,2198.069,2198.199,2197.949,2198.199,1250
21.11.2016 21:15:00.000,2198.199,2198.199,2198.199,2198.199,0
21.11.2016 21:30:00.000,2198.199,2198.199,2198.199,2198.199,0
21.11.2016 21:45:00.000,2198.199,2198.199,2198.199,2198.199,0
21.11.2016 22:00:00.000,2198.199,2198.199,2198.199,2198.199,0
21.11.2016 22:15:00.000,2198.199,2198.199,2198.199,2198.199,0
21.11.2016 22:30:00.000,2198.199,2198.199,2198.199,2198.199,0
21.11.2016 22:45:00.000,2198.199,2198.199,2198.199,2198.199,0
21.11.2016 23:00:00.000,2198.199,2198.199,2198.199,2198.199,0
21.11.2016 23:15:00.000,2198.199,2198.199,2198.199,2198.199,0
21.11.2016 23:30:00.000,2198.199,2198.199,2198.199,2198.199,0
21.11.2016 23:45:00.000,2198.199,2198.199,2198.199,2198.199,0